{"cameraMode":{"drawMode":0,"name":"Shaded","section":"Shading Mode"},"sceneLighting":true,"audioPlay":false,"sceneViewState":{"showFog":true,"showMaterialUpdate":false,"showSkybox":true,"showFlares":true,"showImageEffects":true,"showParticleSystems":true},"in2DMode":false,"pivot":{"x":4.956999778747559,"y":0.9054999351501465,"z":0.5289999842643738},"rotation":{"x":0.4129125773906708,"y":-0.28548768162727358,"z":0.1377231776714325,"w":0.8539180159568787},"size":1.7973217964172364,"orthographic":false}